Text	Type
your are a programming assistant. you help creating simple, self contained HTML files with JavaScript to solve problems. Please write a program that takes a Spine .json file, extracts the skin names, and lists them in alphabetical order	h
can you modify it so i can select a file from disk?	h
this is not entirely correct. use the name attribute of each skin to sort and display the skins	h
please modify the program so it outputs all bones, slots, animations, and constraints as well	h
i get an error running this on a spine .json file. can you fix the program? here is the errorUncaught TypeError: Cannot convert undefined or null to object    at Function.keys ()    at reader.onload (skins.html:30:32)	h
modify the program so that it lets me load the .json .atlas and .png files from disk and in addition to printing all the data also loads the file with the spine web player	h
you are using the wrong version of the spine web player, please use version 4.1	h
the spine web player class is not called Viewer but SpinePlayer. it also does not take a canvas as a configuration parameter. please read http://en.esotericsoftware.com/spine-player and figure out how to create the SpinePlayer and load the files the user specifies via the input elements	h
this is incorrect. the SpinePlayer takes as a first argument the id of the div to embed the player in. the second argument is a javascript object, that has a field jsonUrl specifying the name of the json file, an atlasUrl field storing the name of the atlas file, and a rawDataURIs field, which is a map from url to base64 encoded data. please modify the code so that the SpinePlayer is constructed using the above described parameters. read the contents of the files and covert them to base64, then set the rawDataURIS field appropriately	h
i get an error Uncaught TypeError: Failed to execute 'readAsText' on 'FileReader': parameter 1 is not of type 'Blob'.    at reader.onload (skins.html:48:29)	h
i get an error:skins.html:43 Uncaught ReferenceError: SpinePlayer is not defined    at imageReader.onload (skins.html:43:45)SpinePlayer is a property of the spine object. please fix the code	h
please load the spine web player javascript file from a cdn as before, using the latest 4.1 version	h
the url to the player javascript file is wrong. use these two lines instead	h
you only included the style sheet, please also include the javascript file	h
i get a cors error. show me how to run a web server locally on macos to serve the file and fix the cors error	h
ensure that the json and atlas files are also added to the rawDataURIs map encoded in base64	h
Sure, here's a program written in JavaScript that extracts the skin names from a Spine JSON file and lists them in alphabetical order:htmlCopy codeSpine Skin NamesSpine Skin NamesIn this program, we first use the fetch function to load the Spine JSON file. Once the file is loaded, we extract the skin names using Object.keys(data.skins) and then sort them using sort(). Finally, we create a ul element to display the skin names in a list, and append it to the document body.	g
"Sure, here's a modified version of the program that allows you to select a file from your local disk instead of loading a fixed file named ""spine.json"".htmlCopy codeSpine Skin NamesSpine Skin NamesThis program adds an input element to the page that allows you to select a file from your local disk. When you select a file, the program uses FileReader to read the file and extract the skin names from the JSON data. The"	g
Sure, here's a modified version of the program that sorts the skin names based on their name attribute:htmlCopy codeSpine Skin NamesSpine Skin NamesIn this modified version, we use Object.values(spineJson.skins) to extract an array of skin objects, which we then sort using the localeCompare() method on the name attribute of each skin. This ensures that the skins are sorted alphabetically based on their name attribute.We then create a list element, and iterate over the sorted skins array to create a list item for each skin. The textContent of each list item is set to the name attribute of the skin object. Finally, we append the list to the document body.	g
"Sure, here's a modified version of the program that outputs all the bones, slots, animations, and constraints in addition to the skin names:htmlCopy codeSpine DataSpine DataIn this modified version, we use various methods to extract the bones, slots, animations, and constraints from the Spine JSON file. We then create a list element for each type of data and iterate over the relevant arrays or objects to create a list item for each one.The textContent of each list item is set to a string that includes the type of data (e.g. ""Bone"", ""Slot"", etc.) and the name of the item. Finally, we append all the lists to the document body."	g
Yes, it looks like the error is occurring when trying to extract the keys from the spineJson.animations and spineJson.constraints objects. If these objects are empty or don't exist, then the Object.keys method will throw an error.Here's a modified version of the program that should handle this situation by checking if the objects exist and are not empty before trying to extract their keys:htmlCopy codeSpine DataSpine DataIn this modified version, we check if spineJson.animations and spineJson.constraints exist before extracting their keys, and if they don't exist, we set the animations and constraints arrays to empty arrays. This should prevent the Object.keys method from throwing an error if these objects don't exist or are empty.	g
"Sure, here's a modified version of the program that allows you to load a .json, .atlas, and .png file from disk, prints all the data, and also loads the spine model using the Spine web player:htmlCopy codeSpine DataSpine Data<input type=""file"" id"	g
I apologize for the error in my previous response. Here's the modified version of the program that uses version 4.1 of the Spine web player libraries:htmlCopy codeSpine DataSpine Data	g
I apologize for my mistake. The correct class name for the Spine web player is indeed SpinePlayer, not Viewer. Here's the modified version of the program that uses SpinePlayer and loads the files specified by the user:htmlCopy codeSpine DataSpine Data	g
Sure, here's the modified code that should create a SpinePlayer and load the Spine files from disk:htmlCopy codeSpine ViewerThis code should load the Spine JSON, atlas, and image files from disk, convert them to base64, and create a SpinePlayer instance with the appropriate configuration.	g
I apologize for the mistake. It seems that the error occurs because the readAsText method expects a Blob object as an argument, but we are passing a File object.Here's the updated code that should fix the error:htmlCopy codeSpine ViewerThis code reads the image file using the readAsDataURL method instead of readAsBinaryString. This should fix the error you encountered.	g
I apologize for the mistake. You are correct, SpinePlayer is a property of the spine object. Here's the updated code that should fix the error:htmlCopy codeSpine Viewer	g
Sure, here's the updated code that loads the Spine web player JavaScript file from a CDN:htmlCopy codeSpine ViewerThis code is similar to the previous code, but now the Spine web player JavaScript file is loaded from a CDN using the src attribute of the	g
Here's the updated code to load the Spine web player from the CDN:htmlCopy codeSpine Player DemoSpine Player DemoJSON File:Atlas File:	g
My apologies for the oversight. Here's the updated code that includes the Spine web player JavaScript file:htmlCopy codeSpine Player DemoSpine Player DemoJSON File:Atlas File:Image File:LoadThis should now properly load the Spine web player JavaScript file from the CDN.	g
To run a web server locally on macOS, you can use Python's built-in HTTP server.Open TerminalNavigate to the directory where your HTML, JSON, atlas, and PNG files are located using the cd command. For example, if they are in a directory named my_spine_project on your Desktop, you can navigate to that directory by typing cd Desktop/my_spine_project.Once you are in the correct directory, type the following command:yamlCopy codepython -m SimpleHTTPServer 8000This will start the server on port 8000. You can choose any port number you like.In your web browser, go to http://localhost:8000 (or whatever port number you chose). You should see a directory listing of the files in the current directory.Click on the HTML file you want to run, and it should load in your browser. This should fix the CORS error since the files are being served from the same domain.Note: If you're using Python 3, you can use the following command instead:yamlCopy codepython3 -m http.server 8000This will start the server on port 8000.	g
To encode the JSON and atlas files in base64 and add them to the rawDataURIs map, you can modify the loadFiles	g
